{"cameraMode":{"drawMode":0,"name":"Shaded","section":"Shading Mode"},"sceneLighting":true,"audioPlay":false,"sceneViewState":{"m_AlwaysRefresh":false,"showFog":true,"showSkybox":true,"showFlares":true,"showImageEffects":true,"showParticleSystems":true,"showVisualEffectGraphs":true,"m_FxEnabled":true},"in2DMode":false,"pivot":{"x":-175.42413330078126,"y":919.4808349609375,"z":142.92718505859376},"rotation":{"x":0.7364084124565125,"y":-0.03611219301819801,"z":0.039606619626283649,"w":0.6745493412017822},"size":12.124356269836426,"orthographic":false}