{"cameraMode":{"drawMode":0,"name":"Shaded","section":"Shading Mode"},"sceneLighting":true,"audioPlay":false,"sceneViewState":{"m_AlwaysRefresh":false,"showFog":true,"showSkybox":true,"showFlares":true,"showImageEffects":true,"showParticleSystems":true,"showVisualEffectGraphs":true,"m_FxEnabled":true},"in2DMode":false,"pivot":{"x":-5.795260429382324,"y":-23.095918655395509,"z":22.27320098876953},"rotation":{"x":0.1802186667919159,"y":0.08012568205595017,"z":-0.014665378257632256,"w":0.9802639484405518},"size":0.8660253882408142,"orthographic":false}