{"cameraMode":{"drawMode":0,"name":"Shaded","section":"Shading Mode"},"sceneLighting":true,"audioPlay":false,"sceneViewState":{"m_AlwaysRefresh":false,"showFog":true,"showSkybox":true,"showFlares":true,"showImageEffects":true,"showParticleSystems":true,"showVisualEffectGraphs":true,"m_FxEnabled":true},"in2DMode":false,"pivot":{"x":0.05652293562889099,"y":0.3534892797470093,"z":0.7317601442337036},"rotation":{"x":-0.009891854599118233,"y":0.948150634765625,"z":-0.3165484070777893,"w":-0.029993494972586633},"size":1.5260961055755616,"orthographic":false}