{"cameraMode":{"drawMode":0,"name":"Shaded","section":"Shading Mode"},"sceneLighting":true,"audioPlay":false,"sceneViewState":{"m_AlwaysRefresh":false,"showFog":true,"showSkybox":true,"showFlares":true,"showImageEffects":true,"showParticleSystems":true,"showVisualEffectGraphs":true,"m_FxEnabled":true},"in2DMode":false,"pivot":{"x":0.05652293562889099,"y":0.3534892797470093,"z":0.7317601442337036},"rotation":{"x":0.1796911656856537,"y":-0.530539333820343,"z":0.11635086685419083,"w":0.8203015923500061},"size":1.5260961055755616,"orthographic":false}