{"cameraMode":{"drawMode":0,"name":"Shaded","section":"Shading Mode"},"sceneLighting":true,"audioPlay":false,"sceneViewState":{"m_AlwaysRefresh":false,"showFog":true,"showSkybox":true,"showFlares":true,"showImageEffects":true,"showParticleSystems":true,"showVisualEffectGraphs":true,"m_FxEnabled":true},"in2DMode":false,"pivot":{"x":-1.267297625541687,"y":-19.270694732666017,"z":-3.715264081954956},"rotation":{"x":0.45479390025138857,"y":-0.019638843834400178,"z":0.010178137570619583,"w":0.8904292583465576},"size":0.8660253882408142,"orthographic":false}